,Prediction,Actual,Error
0,12.971719,12.984021,-0.012302399
1,12.97577,12.955601,0.020169258
2,12.971005,12.964071,0.006934166
3,12.969651,12.934828,0.034823418
