Metric,Value
ASE,11456.800199966796
MAE,0.2886461993908589
RMSE,0.28973949215719
Mean_CI_Width,1.1912476788675859
Coverage_Rate,1.0
