Metric,Value
ASE,14983.50834771286
MAE,0.34777837201257994
RMSE,0.3611591183003907
Mean_CI_Width,0.56356072600553
Coverage_Rate,0.4
