,Predicted,Actual,Lower_Bound,Upper_Bound,Absolute_Error,Squared_Error,CI_Width,Within_CI
0,12.669633150469297,12.9840204277826,11.896746320999796,13.025973307355336,0.31438727731330296,0.09883936013647165,1.1292269863555404,True
1,12.664744589573447,12.9556001595262,11.815574767361609,13.04597984133215,0.29085556995275397,0.08459696257254136,1.230405073970541,True
2,12.662277126356493,12.9640707984097,11.705677376991662,13.035125282699708,0.30179367205320773,0.0910794204913591,1.3294479057080455,True
3,12.687279975313329,12.9348282535575,11.960667552553613,13.03657830198983,0.24754827824417092,0.061280150061653466,1.0759107494362166,True
